Workbook
Name SegmentaciónDeDatos_Año: #N/A
Name SegmentaciónDeDatos_Ingenio: #N/A
Name SegmentaciónDeDatos_Mes: #N/A
Name SegmentaciónDeDatos_Sind_No_sind: #N/A

Sheet Ausentismos
A1: Ingenio | B1: Plantilla | C1: Sind/No sind | D1: Días laborables del mes | E1: Mes | F1: Jornales | G1: FI | H1: PSG | I1: EG | J1: RT | K1: Ausencias | L1: REAL AUSENT. | M1: REAL COMPR. | N1: PLAN AUSENT. | O1: PLAN COMPR. | P1: DIF +/- | Q1: Orden | R1: Año | S1: ID
A2: Huixtla | B2: 175 | C2: No Sindicalizados | D2: 26 | E2: Enero | F2: 4550 | G2: 0 | H2: 0 | I2: 2 | J2: 0 | K2: 2 | L2: 0.00043956044 | M2: 0.99956044 | N2: 0 | O2: 1 | P2: 0.00043956044 | Q2: 1 | R2: 2023 | S2: 44927
A3: Huixtla | B3: 195 | C3: No Sindicalizados | D3: 24 | E3: Febrero | F3: 4680 | G3: 0 | H3: 0 | I3: 23 | J3: 0 | K3: 23 | L3: 0.0049145299 | M3: 0.99508547 | N3: 0 | O3: 1 | P3: 0.0049145299 | Q3: 2 | R3: 2023 | S3: 44958
A4: Huixtla | B4: 195 | C4: No Sindicalizados | D4: 26 | E4: Marzo | F4: 5070 | G4: 0 | H4: 0 | I4: 0 | J4: 5 | K4: 5 | L4: 0.00098619329 | M4: 0.99901381 | N4: 0 | O4: 1 | P4: 0.00098619329 | Q4: 3 | R4: 2023 | S4: 44986
A5: Huixtla | B5: 195 | C5: No Sindicalizados | D5: 25 | E5: Abril | F5: 4875 | G5: 0 | H5: 6 | I5: 0 | J5: 19 | K5: 25 | L5: 0.0051282051 | M5: 0.99487179 | N5: 0 | O5: 1 | P5: 0.0051282051 | Q5: 4 | R5: 2023 | S5: 45017
A6: Huixtla | B6: 195 | C6: No Sindicalizados | D6: 21 | E6: Mayo | F6: 4095 | G6: 0 | H6: 0 | I6: 0 | J6: 36 | K6: 36 | L6: 0.0087912088 | M6: 0.99120879 | N6: 0 | O6: 1 | P6: 0.0087912088 | Q6: 5 | R6: 2023 | S6: 45047
A7: Huixtla | B7: 137 | C7: No Sindicalizados | D7: 22 | E7: Junio | F7: 3014 | G7: 0 | H7: 0 | I7: 10 | J7: 0 | K7: 10 | L7: 0.00331785 | M7: 0.99668215 | N7: 0 | O7: 1 | P7: 0.00331785 | Q7: 6 | R7: 2023 | S7: 45078
A8: Huixtla | B8: 137 | C8: No Sindicalizados | D8: 21 | E8: Julio | F8: 2877 | G8: 0 | H8: 3 | I8: 0 | J8: 0 | K8: 3 | L8: 0.0010427529 | M8: 0.99895725 | N8: 0 | O8: 1 | P8: 0.0010427529 | Q8: 7 | R8: 2023 | S8: 45108
A9: Huixtla | B9: 135 | C9: No Sindicalizados | D9: 23 | E9: Agosto | F9: 3105 | G9: 0 | H9: 0 | I9: 22 | J9: 0 | K9: 22 | L9: 0.0070853462 | M9: 0.99291465 | N9: 0 | O9: 1 | P9: 0.0070853462 | Q9: 8 | R9: 2023 | S9: 45139
A10: Huixtla | B10: 137 | C10: No Sindicalizados | D10: 21 | E10: Septiembre | F10: 2877 | G10: 1 | H10: 0 | I10: 12 | J10: 0 | K10: 13 | L10: 0.0045185958 | M10: 0.9954814 | N10: 0 | O10: 1 | P10: 0.0045185958 | Q10: 9 | R10: 2023 | S10: 45170
A11: Huixtla | B11: 143 | C11: No Sindicalizados | D11: 22 | E11: Octubre | F11: 3146 | G11: 0 | H11: 5 | I11: 0 | J11: 0 | K11: 5 | L11: 0.0015893198 | M11: 0.99841068 | N11: 0 | O11: 1 | P11: 0.0015893198 | Q11: 10 | R11: 2023 | S11: 45200
A12: Huixtla | B12: 192 | C12: No Sindicalizados | D12: 14 | E12: Noviembre | F12: 2688 | G12: 0 | H12: 2 | I12: 0 | J12: 0 | K12: 2 | L12: 0.00074404762 | M12: 0.99925595 | N12: 0 | O12: 1 | P12: 0.00074404762 | Q12: 11 | R12: 2023 | S12: 45231
A13: Huixtla | B13: 194 | C13: No Sindicalizados | D13: 25 | E13: Diciembre | F13: 4850 | G13: 0 | H13: 0 | I13: 11 | J13: 0 | K13: 11 | L13: 0.0022680412 | M13: 0.99773196 | N13: 0 | O13: 1 | P13: 0.0022680412 | Q13: 12 | R13: 2023 | S13: 45261
... A81: Huixtla | B81: 218 | C81: No Sindicalizados | D81: 26 | E81: Abril | F81: 5668 | G81: 0 | H81: 0 | I81: 75 | J81: 0 | K81: 75 | L81: 0.013232181 | M81: 0.98676782 | N81: 0.1026 | O81: 0.8974 | P81: -0.089367819 | Q81: 4 | R81: 2026 | S81: 46113
A82: Huixtla | C82: Sindicalizados (Perm. Y Temp) | E82: Mayo | N82: 0.0957 | O82: 0.9043 | Q82: 5 | R82: 2026 | S82: 46143
A83: Huixtla | C83: No Sindicalizados | E83: Mayo | N83: 0.0957 | O83: 0.9043 | Q83: 5 | R83: 2026 | S83: 46143
A84: Huixtla | C84: Sindicalizados (Perm. Y Temp) | E84: Junio | N84: 0.1131 | O84: 0.8869 | Q84: 6 | R84: 2026 | S84: 46174
A85: Huixtla | C85: No Sindicalizados | E85: Junio | N85: 0.1131 | O85: 0.8869 | Q85: 6 | R85: 2026 | S85: 46174
A86: Huixtla | C86: Sindicalizados (Perm. Y Temp) | E86: Julio | N86: 0.0883 | O86: 0.9117 | Q86: 7 | R86: 2026 | S86: 46204
A87: Huixtla | C87: No Sindicalizados | E87: Julio | N87: 0.0883 | O87: 0.9117 | Q87: 7 | R87: 2026 | S87: 46204
A88: Huixtla | C88: Sindicalizados (Perm. Y Temp) | E88: Agosto | N88: 0.078 | O88: 0.922 | Q88: 8 | R88: 2026 | S88: 46235
A89: Huixtla | C89: No Sindicalizados | E89: Agosto | N89: 0.078 | O89: 0.922 | Q89: 8 | R89: 2026 | S89: 46235
A90: Huixtla | C90: Sindicalizados (Perm. Y Temp) | E90: Septiembre | N90: 0.0714 | O90: 0.9286 | Q90: 9 | R90: 2026 | S90: 46266
A91: Huixtla | C91: No Sindicalizados | E91: Septiembre | N91: 0.0714 | O91: 0.9286 | Q91: 9 | R91: 2026 | S91: 46266
A92: Huixtla | C92: Sindicalizados (Perm. Y Temp) | E92: Octubre | N92: 0.0767 | O92: 0.9233 | Q92: 10 | R92: 2026 | S92: 46296
A93: Huixtla | C93: No Sindicalizados | E93: Octubre | N93: 0.0767 | O93: 0.9233 | Q93: 10 | R93: 2026 | S93: 46296
... A97: Huixtla | C97: No Sindicalizados | E97: Diciembre | N97: 0.1106 | O97: 0.8894 | Q97: 12 | R97: 2026 | S97: 46357
A98: Modelo | B98: 112 | C98: No Sindicalizados | D98: 26 | E98: Enero | F98: 2912 | G98: 0 | H98: 0 | I98: 42 | J98: 0 | K98: 42 | L98: 0.014423077 | M98: 0.98557692 | N98: 0 | O98: 1 | P98: 0.014423077 | Q98: 1 | R98: 2023 | S98: 44927
A99: Modelo | B99: 112 | C99: No Sindicalizados | D99: 23 | E99: Febrero | F99: 2576 | G99: 0 | H99: 0 | I99: 48 | J99: 0 | K99: 48 | L99: 0.01863354 | M99: 0.98136646 | N99: 0 | O99: 1 | P99: 0.01863354 | Q99: 2 | R99: 2023 | S99: 44958
A100: Modelo | B100: 111 | C100: No Sindicalizados | D100: 26 | E100: Marzo | F100: 2886 | G100: 0 | H100: 0 | I100: 42 | J100: 12 | K100: 54 | L100: 0.018711019 | M100: 0.98128898 | N100: 0 | O100: 1 | P100: 0.018711019 | Q100: 3 | R100: 2023 | S100: 44986
A101: Modelo | B101: 111 | C101: No Sindicalizados | D101: 24 | E101: Abril | F101: 2664 | G101: 0 | H101: 0 | I101: 12 | J101: 24 | K101: 36 | L101: 0.013513514 | M101: 0.98648649 | N101: 0 | O101: 1 | P101: 0.013513514 | Q101: 4 | R101: 2023 | S101: 45017
A102: Modelo | B102: 111 | C102: No Sindicalizados | D102: 15 | E102: Mayo | F102: 1665 | G102: 0 | H102: 0 | I102: 5 | J102: 31 | K102: 36 | L102: 0.021621622 | M102: 0.97837838 | N102: 0 | O102: 1 | P102: 0.021621622 | Q102: 5 | R102: 2023 | S102: 45047
A103: Modelo | B103: 90 | C103: No Sindicalizados | D103: 22 | E103: Junio | F103: 1980 | G103: 0 | H103: 0 | I103: 6 | J103: 0 | K103: 6 | L103: 0.003030303 | M103: 0.9969697 | N103: 0 | O103: 1 | P103: 0.003030303 | Q103: 6 | R103: 2023 | S103: 45078
A104: Modelo | B104: 87 | C104: No Sindicalizados | D104: 21 | E104: Julio | F104: 1827 | G104: 0 | H104: 1 | I104: 0 | J104: 1 | K104: 2 | L104: 0.0010946907 | M104: 0.99890531 | N104: 0 | O104: 1 | P104: 0.0010946907 | Q104: 7 | R104: 2023 | S104: 45108
A105: Modelo | B105: 83 | C105: No Sindicalizados | D105: 23 | E105: Agosto | F105: 1909 | G105: 0 | H105: 0 | I105: 2 | J105: 0 | K105: 2 | L105: 0.0010476689 | M105: 0.99895233 | N105: 0 | O105: 1 | P105: 0.0010476689 | Q105: 8 | R105: 2023 | S105: 45139
A106: Modelo | B106: 86 | C106: No Sindicalizados | D106: 20 | E106: Septiembre | F106: 1720 | G106: 0 | H106: 0 | I106: 17 | J106: 31 | K106: 48 | L106: 0.027906977 | M106: 0.97209302 | N106: 0 | O106: 1 | P106: 0.027906977 | Q106: 9 | R106: 2023 | S106: 45170
A107: Modelo | B107: 92 | C107: No Sindicalizados | D107: 21 | E107: Octubre | F107: 1932 | G107: 0 | H107: 0 | I107: 0 | J107: 42 | K107: 42 | L107: 0.02173913 | M107: 0.97826087 | N107: 0 | O107: 1 | P107: 0.02173913 | Q107: 10 | R107: 2023 | S107: 45200
A108: Modelo | B108: 108 | C108: No Sindicalizados | D108: 23 | E108: Noviembre | F108: 2484 | G108: 0 | H108: 0 | I108: 46 | J108: 0 | K108: 46 | L108: 0.018518519 | M108: 0.98148148 | N108: 0 | O108: 1 | P108: 0.018518519 | Q108: 11 | R108: 2023 | S108: 45231
A109: Modelo | B109: 108 | C109: No Sindicalizados | D109: 25 | E109: Diciembre | F109: 2700 | G109: 0 | H109: 0 | I109: 2 | J109: 4 | K109: 6 | L109: 0.0022222222 | M109: 0.99777778 | N109: 0 | O109: 1 | P109: 0.0022222222 | Q109: 12 | R109: 2023 | S109: 45261
... A177: Modelo | B177: 135 | C177: No Sindicalizados | D177: 26 | E177: Abril | F177: 3510 | G177: 0 | H177: 0 | I177: 0 | J177: 0 | K177: 0 | L177: 0 | M177: 1 | N177: 0.0941 | O177: 0.9059 | P177: -0.0941 | Q177: 4 | R177: 2026 | S177: 46113
A178: Modelo | C178: Sindicalizados (Perm. Y Temp) | E178: Mayo | N178: 0.0647 | O178: 0.9353 | Q178: 5 | R178: 2026 | S178: 46143
A179: Modelo | C179: No Sindicalizados | E179: Mayo | N179: 0.0647 | O179: 0.9353 | Q179: 5 | R179: 2026 | S179: 46143
A180: Modelo | C180: Sindicalizados (Perm. Y Temp) | E180: Junio | N180: 0.0646 | O180: 0.9354 | Q180: 6 | R180: 2026 | S180: 46174
A181: Modelo | C181: No Sindicalizados | E181: Junio | N181: 0.0646 | O181: 0.9354 | Q181: 6 | R181: 2026 | S181: 46174
A182: Modelo | C182: Sindicalizados (Perm. Y Temp) | E182: Julio | N182: 0.1226 | O182: 0.8774 | Q182: 7 | R182: 2026 | S182: 46204
A183: Modelo | C183: No Sindicalizados | E183: Julio | N183: 0.1226 | O183: 0.8774 | Q183: 7 | R183: 2026 | S183: 46204
A184: Modelo | C184: Sindicalizados (Perm. Y Temp) | E184: Agosto | N184: 0.0922 | O184: 0.9078 | Q184: 8 | R184: 2026 | S184: 46235
A185: Modelo | C185: No Sindicalizados | E185: Agosto | N185: 0.0922 | O185: 0.9078 | Q185: 8 | R185: 2026 | S185: 46235
A186: Modelo | C186: Sindicalizados (Perm. Y Temp) | E186: Septiembre | N186: 0.0835 | O186: 0.9165 | Q186: 9 | R186: 2026 | S186: 46266
A187: Modelo | C187: No Sindicalizados | E187: Septiembre | N187: 0.0835 | O187: 0.9165 | Q187: 9 | R187: 2026 | S187: 46266
A188: Modelo | C188: Sindicalizados (Perm. Y Temp) | E188: Octubre | N188: 0.0604 | O188: 0.9396 | Q188: 10 | R188: 2026 | S188: 46296
A189: Modelo | C189: No Sindicalizados | E189: Octubre | N189: 0.0604 | O189: 0.9396 | Q189: 10 | R189: 2026 | S189: 46296
... A193: Modelo | C193: No Sindicalizados | E193: Diciembre | N193: 0.0676 | O193: 0.9324 | Q193: 12 | R193: 2026 | S193: 46357
A194: San Pedro | B194: 142 | C194: No Sindicalizados | D194: 26 | E194: Enero | F194: 3692 | G194: 0 | H194: 0 | I194: 8 | J194: 21 | K194: 29 | L194: 0.0078548212 | M194: 0.99214518 | N194: 0 | O194: 1 | P194: 0.0078548212 | Q194: 1 | R194: 2023 | S194: 44927
A195: San Pedro | B195: 143 | C195: No Sindicalizados | D195: 23 | E195: Febrero | F195: 3289 | G195: 0 | H195: 0 | I195: 8 | J195: 0 | K195: 8 | L195: 0.0024323503 | M195: 0.99756765 | N195: 0 | O195: 1 | P195: 0.0024323503 | Q195: 2 | R195: 2023 | S195: 44958
A196: San Pedro | B196: 144 | C196: No Sindicalizados | D196: 26 | E196: Marzo | F196: 3744 | G196: 0 | H196: 0 | I196: 0 | J196: 0 | K196: 0 | L196: 0 | M196: 1 | N196: 0 | O196: 1 | P196: 0 | Q196: 3 | R196: 2023 | S196: 44986
A197: San Pedro | B197: 143 | C197: No Sindicalizados | D197: 24 | E197: Abril | F197: 3432 | G197: 0 | H197: 0 | I197: 28 | J197: 7 | K197: 35 | L197: 0.010198135 | M197: 0.98980186 | N197: 0 | O197: 1 | P197: 0.010198135 | Q197: 4 | R197: 2023 | S197: 45017
A198: San Pedro | B198: 143 | C198: No Sindicalizados | D198: 26 | E198: Mayo | F198: 3718 | G198: 0 | H198: 0 | I198: 48 | J198: 0 | K198: 48 | L198: 0.012910167 | M198: 0.98708983 | N198: 0 | O198: 1 | P198: 0.012910167 | Q198: 5 | R198: 2023 | S198: 45047
A199: San Pedro | B199: 110 | C199: No Sindicalizados | D199: 5 | E199: Junio | F199: 550 | G199: 0 | H199: 0 | I199: 90 | J199: 0 | K199: 90 | L199: 0.16363636 | M199: 0.83636364 | N199: 0 | O199: 1 | P199: 0.16363636 | Q199: 6 | R199: 2023 | S199: 45078
A200: San Pedro | B200: 113 | C200: No Sindicalizados | D200: 21 | E200: Julio | F200: 2373 | G200: 0 | H200: 0 | I200: 51 | J200: 0 | K200: 51 | L200: 0.021491783 | M200: 0.97850822 | N200: 0 | O200: 1 | P200: 0.021491783 | Q200: 7 | R200: 2023 | S200: 45108
A201: San Pedro | B201: 113 | C201: No Sindicalizados | D201: 23 | E201: Agosto | F201: 2599 | G201: 0 | H201: 0 | I201: 52 | J201: 0 | K201: 52 | L201: 0.020007695 | M201: 0.9799923 | N201: 0 | O201: 1 | P201: 0.020007695 | Q201: 8 | R201: 2023 | S201: 45139
A202: San Pedro | B202: 113 | C202: No Sindicalizados | D202: 20 | E202: Septiembre | F202: 2260 | G202: 0 | H202: 0 | I202: 30 | J202: 0 | K202: 30 | L202: 0.013274336 | M202: 0.98672566 | N202: 0 | O202: 1 | P202: 0.013274336 | Q202: 9 | R202: 2023 | S202: 45170
A203: San Pedro | B203: 120 | C203: No Sindicalizados | D203: 21 | E203: Octubre | F203: 2520 | G203: 0 | H203: 0 | I203: 31 | J203: 0 | K203: 31 | L203: 0.012301587 | M203: 0.98769841 | N203: 0 | O203: 1 | P203: 0.012301587 | Q203: 10 | R203: 2023 | S203: 45200
A204: San Pedro | B204: 126 | C204: No Sindicalizados | D204: 21 | E204: Noviembre | F204: 2646 | G204: 0 | H204: 0 | I204: 23 | J204: 0 | K204: 23 | L204: 0.0086923658 | M204: 0.99130763 | N204: 0 | O204: 1 | P204: 0.0086923658 | Q204: 11 | R204: 2023 | S204: 45231
A205: San Pedro | B205: 138 | C205: No Sindicalizados | D205: 25 | E205: Diciembre | F205: 3450 | G205: 0 | H205: 0 | I205: 11 | J205: 0 | K205: 11 | L205: 0.0031884058 | M205: 0.99681159 | N205: 0 | O205: 1 | P205: 0.0031884058 | Q205: 12 | R205: 2023 | S205: 45261
... A273: San Pedro | B273: 161 | C273: No Sindicalizados | D273: 25 | E273: Abril | F273: 4025 | G273: 0 | H273: 0 | I273: 3 | J273: 15 | K273: 18 | L273: 0.0044720497 | M273: 0.99552795 | N273: 0.1297 | O273: 0.8703 | P273: -0.12522795 | Q273: 4 | R273: 2026 | S273: 46113
A274: San Pedro | C274: Sindicalizados (Perm. Y Temp) | E274: Mayo | N274: 0.195 | O274: 0.805 | Q274: 5 | R274: 2026 | S274: 46143
A275: San Pedro | C275: No Sindicalizados | E275: Mayo | N275: 0.195 | O275: 0.805 | Q275: 5 | R275: 2026 | S275: 46143
A276: San Pedro | C276: Sindicalizados (Perm. Y Temp) | E276: Junio | N276: 0.2303 | O276: 0.7697 | Q276: 6 | R276: 2026 | S276: 46174
A277: San Pedro | C277: No Sindicalizados | E277: Junio | N277: 0.2303 | O277: 0.7697 | Q277: 6 | R277: 2026 | S277: 46174
A278: San Pedro | C278: Sindicalizados (Perm. Y Temp) | E278: Julio | N278: 0.1286 | O278: 0.8714 | Q278: 7 | R278: 2026 | S278: 46204
A279: San Pedro | C279: No Sindicalizados | E279: Julio | N279: 0.1286 | O279: 0.8714 | Q279: 7 | R279: 2026 | S279: 46204
A280: San Pedro | C280: Sindicalizados (Perm. Y Temp) | E280: Agosto | N280: 0.1343 | O280: 0.8657 | Q280: 8 | R280: 2026 | S280: 46235
A281: San Pedro | C281: No Sindicalizados | E281: Agosto | N281: 0.1343 | O281: 0.8657 | Q281: 8 | R281: 2026 | S281: 46235
A282: San Pedro | C282: Sindicalizados (Perm. Y Temp) | E282: Septiembre | N282: 0.0855 | O282: 0.9145 | Q282: 9 | R282: 2026 | S282: 46266
A283: San Pedro | C283: No Sindicalizados | E283: Septiembre | N283: 0.0855 | O283: 0.9145 | Q283: 9 | R283: 2026 | S283: 46266
A284: San Pedro | C284: Sindicalizados (Perm. Y Temp) | E284: Octubre | N284: 0.084 | O284: 0.916 | Q284: 10 | R284: 2026 | S284: 46296
A285: San Pedro | C285: No Sindicalizados | E285: Octubre | N285: 0.084 | O285: 0.916 | Q285: 10 | R285: 2026 | S285: 46296
... A289: San Pedro | C289: No Sindicalizados | E289: Diciembre | N289: 0.1338 | O289: 0.8662 | Q289: 12 | R289: 2026 | S289: 46357
A290: Santa Clara | B290: 110 | C290: No Sindicalizados | D290: 26 | E290: Enero | F290: 2860 | G290: 0 | H290: 0 | I290: 0 | J290: 8 | K290: 8 | L290: 0.0027972028 | M290: 0.9972028 | N290: 0 | O290: 1 | P290: 0.0027972028 | Q290: 1 | R290: 2023 | S290: 44927
A291: Santa Clara | B291: 117 | C291: No Sindicalizados | D291: 24 | E291: Febrero | F291: 2808 | G291: 0 | H291: 0 | I291: 0 | J291: 0 | K291: 0 | L291: 0 | M291: 1 | N291: 0 | O291: 1 | P291: 0 | Q291: 2 | R291: 2023 | S291: 44958
A292: Santa Clara | B292: 118 | C292: No Sindicalizados | D292: 27 | E292: Marzo | F292: 3186 | G292: 0 | H292: 0 | I292: 6 | J292: 0 | K292: 6 | L292: 0.0018832392 | M292: 0.99811676 | N292: 0 | O292: 1 | P292: 0.0018832392 | Q292: 3 | R292: 2023 | S292: 44986
A293: Santa Clara | B293: 119 | C293: No Sindicalizados | D293: 25 | E293: Abril | F293: 2975 | G293: 0 | H293: 0 | I293: 0 | J293: 0 | K293: 0 | L293: 0 | M293: 1 | N293: 0 | O293: 1 | P293: 0 | Q293: 4 | R293: 2023 | S293: 45017
A294: Santa Clara | B294: 93 | C294: No Sindicalizados | D294: 8 | E294: Mayo | F294: 744 | G294: 0 | H294: 0 | I294: 0 | J294: 0 | K294: 0 | L294: 0 | M294: 1 | N294: 0 | O294: 1 | P294: 0 | Q294: 5 | R294: 2023 | S294: 45047
A295: Santa Clara | B295: 93 | C295: No Sindicalizados | D295: 22 | E295: Junio | F295: 2046 | G295: 0 | H295: 0 | I295: 0 | J295: 0 | K295: 0 | L295: 0 | M295: 1 | N295: 0 | O295: 1 | P295: 0 | Q295: 6 | R295: 2023 | S295: 45078
A296: Santa Clara | B296: 93 | C296: No Sindicalizados | D296: 21 | E296: Julio | F296: 1953 | G296: 0 | H296: 0 | I296: 0 | J296: 0 | K296: 0 | L296: 0 | M296: 1 | N296: 0 | O296: 1 | P296: 0 | Q296: 7 | R296: 2023 | S296: 45108
A297: Santa Clara | B297: 91 | C297: No Sindicalizados | D297: 23 | E297: Agosto | F297: 2093 | G297: 0 | H297: 0 | I297: 0 | J297: 0 | K297: 0 | L297: 0 | M297: 1 | N297: 0 | O297: 1 | P297: 0 | Q297: 8 | R297: 2023 | S297: 45139
A298: Santa Clara | B298: 91 | C298: No Sindicalizados | D298: 21 | E298: Septiembre | F298: 1911 | G298: 0 | H298: 0 | I298: 0 | J298: 0 | K298: 0 | L298: 0 | M298: 1 | N298: 0 | O298: 1 | P298: 0 | Q298: 9 | R298: 2023 | S298: 45170
A299: Santa Clara | B299: 88 | C299: No Sindicalizados | D299: 21 | E299: Octubre | F299: 1848 | G299: 0 | H299: 0 | I299: 0 | J299: 0 | K299: 0 | L299: 0 | M299: 1 | N299: 0 | O299: 1 | P299: 0 | Q299: 10 | R299: 2023 | S299: 45200
A300: Santa Clara | B300: 100 | C300: No Sindicalizados | D300: 21 | E300: Noviembre | F300: 2100 | G300: 0 | H300: 0 | I300: 0 | J300: 0 | K300: 0 | L300: 0 | M300: 1 | N300: 0 | O300: 1 | P300: 0 | Q300: 11 | R300: 2023 | S300: 45231
A301: Santa Clara | B301: 118 | C301: No Sindicalizados | D301: 21 | E301: Diciembre | F301: 2478 | G301: 0 | H301: 0 | I301: 0 | J301: 0 | K301: 0 | L301: 0 | M301: 1 | N301: 0 | O301: 1 | P301: 0 | Q301: 12 | R301: 2023 | S301: 45261
... A369: Santa Clara | B369: 144 | C369: No Sindicalizados | D369: 26 | E369: Abril | F369: 3744 | G369: 0 | H369: 2 | I369: 26 | J369: 26 | K369: 54 | L369: 0.014423077 | M369: 0.98557692 | N369: 0.0938 | O369: 0.9062 | P369: -0.079376923 | Q369: 4 | R369: 2026 | S369: 46113
A370: Santa Clara | C370: Sindicalizados (Perm. Y Temp) | E370: Mayo | N370: 0.0568 | O370: 0.9432 | Q370: 5 | R370: 2026 | S370: 46143
A371: Santa Clara | C371: No Sindicalizados | E371: Mayo | N371: 0.0568 | O371: 0.9432 | Q371: 5 | R371: 2026 | S371: 46143
A372: Santa Clara | C372: Sindicalizados (Perm. Y Temp) | E372: Junio | N372: 0.0766 | O372: 0.9234 | Q372: 6 | R372: 2026 | S372: 46174
A373: Santa Clara | C373: No Sindicalizados | E373: Junio | N373: 0.0766 | O373: 0.9234 | Q373: 6 | R373: 2026 | S373: 46174
A374: Santa Clara | C374: Sindicalizados (Perm. Y Temp) | E374: Julio | N374: 0.1046 | O374: 0.8954 | Q374: 7 | R374: 2026 | S374: 46204
A375: Santa Clara | C375: No Sindicalizados | E375: Julio | N375: 0.1046 | O375: 0.8954 | Q375: 7 | R375: 2026 | S375: 46204
A376: Santa Clara | C376: Sindicalizados (Perm. Y Temp) | E376: Agosto | N376: 0.0934 | O376: 0.9066 | Q376: 8 | R376: 2026 | S376: 46235
A377: Santa Clara | C377: No Sindicalizados | E377: Agosto | N377: 0.0934 | O377: 0.9066 | Q377: 8 | R377: 2026 | S377: 46235
...

Sheet Analisis
B2: Suma de Plantilla | C2: Suma de Días laborables del mes | D2: Suma de Jornales | E2: Suma de FI | F2: Suma de PSG | G2: Suma de EG | H2: Suma de RT | I2: Suma de Ausencias | J2: Promedio de REAL AUSENT. | K2: Promedio de REAL COMPR. | L2: Promedio de PLAN | M2: Promedio de PLAN COMPR. | N2: Promedio de DIF +/- | P2: Año | Q2: Mes | R2: Promedio de REAL AUSENT. | T2: Etiquetas de fila | U2: Promedio de PLAN COMPR. | V2: Promedio de REAL COMPR. | X2: Etiquetas de fila | Y2: Promedio de REAL AUSENT. | AA2: Etiquetas de fila | AB2: Suma de FI | AC2: Suma de PSG | AD2: Suma de EG | AE2: Suma de RT | AG2: Etiquetas de fila | AH2: Suma de FI | AI2: Suma de PSG | AJ2: Suma de EG | AK2: Suma de RT
B3: 8644 | C3: 794 | D3: 214185 | E3: 12163 | F3: 1053 | G3: 2358 | H3: 1284 | I3: 16858 | J3: 0.056263603 | K3: 0.9437364 | L3: 0.09675 | M3: 0.90325 | N3: -0.042555147 | P3: 2023 | Q3: Enero | R3: 0.066848186 | T3: Enero | U3: 0.911275 | V3: 0.94393629 | X3: 2023 | Y3: 0.071835433 | AA3: 2026 | AB3: 12163 | AC3: 1053 | AD3: 2358 | AE3: 1284 | AG3: 2023 | AH3: 32144 | AI3: 2611 | AJ3: 5553 | AK3: 2475
P4: 2023 | Q4: Febrero | R4: 0.062747301 | T4: Febrero | U4: 0.8928 | V4: 0.94710658 | X4: 2024 | Y4: 0.059150591 | AA4: Total general | AB4: 12163 | AC4: 1053 | AD4: 2358 | AE4: 1284 | AG4: 2024 | AH4: 26402 | AI4: 2605 | AJ4: 4970 | AK4: 2336
P5: 2023 | Q5: Marzo | R5: 0.063848824 | T5: Marzo | U5: 0.9057 | V5: 0.93947536 | X5: 2025 | Y5: 0.056116444 | AG5: 2025 | AH5: 27408 | AI5: 2244 | AJ5: 5217 | AK5: 2125
P6: 2023 | Q6: Abril | R6: 0.072175805 | T6: Abril | U6: 0.89495 | V6: 0.94442736 | X6: 2026 | Y6: 0.056263603 | AG6: 2026 | AH6: 12163 | AI6: 1053 | AJ6: 2358 | AK6: 1284
P7: 2023 | Q7: Mayo | R7: 0.073010612 | T7: Mayo | U7: 0.89695 | X7: Total general | Y7: 0.061757101 | AG7: Total general | AH7: 98117 | AI7: 8513 | AJ7: 18098 | AK7: 8220
P8: 2023 | Q8: Junio | R8: 0.11635832 | T8: Junio | U8: 0.87885
P9: 2023 | Q9: Julio | R9: 0.075294049 | T9: Julio | U9: 0.888975
P10: 2023 | Q10: Agosto | R10: 0.066134467 | T10: Agosto | U10: 0.900525
P11: 2023 | Q11: Septiembre | R11: 0.062478195 | T11: Septiembre | U11: 0.92135
P12: 2023 | Q12: Octubre | R12: 0.064532126 | T12: Octubre | U12: 0.931275
P13: 2023 | Q13: Noviembre | R13: 0.083703052 | T13: Noviembre | U13: 0.915525
P14: 2023 | Q14: Diciembre | R14: 0.054894259 | T14: Diciembre | U14: 0.900825
P15: Total 2023 | R15: 0.071835433 | T15: Total general | U15: 0.90325 | V15: 0.9437364
P16: 2024 | Q16: Enero | R16: 0.048372214
P17: 2024 | Q17: Febrero | R17: 0.050935901
P18: 2024 | Q18: Marzo | R18: 0.055534346
P19: 2024 | Q19: Abril | R19: 0.065905943
P20: 2024 | Q20: Mayo | R20: 0.086882738
P21: 2024 | Q21: Junio | R21: 0.079717764
P22: 2024 | Q22: Julio | R22: 0.061689782
P23: 2024 | Q23: Agosto | R23: 0.055183528
P24: 2024 | Q24: Septiembre | R24: 0.049326515
P25: 2024 | Q25: Octubre | R25: 0.052723713
P26: 2024 | Q26: Noviembre | R26: 0.05228066
P27: 2024 | Q27: Diciembre | R27: 0.051253992
P28: Total 2024 | R28: 0.059150591
P29: 2025 | Q29: Enero | R29: 0.049524622
P30: 2025 | Q30: Febrero | R30: 0.060256053
P31: 2025 | Q31: Marzo | R31: 0.052095489
P32: 2025 | Q32: Abril | R32: 0.058896704
P33: 2025 | Q33: Mayo | R33: 0.060983995
P34: 2025 | Q34: Junio | R34: 0.075063892
P35: 2025 | Q35: Julio | R35: 0.068833513
P36: 2025 | Q36: Agosto | R36: 0.058398281
P37: 2025 | Q37: Septiembre | R37: 0.044790409
P38: 2025 | Q38: Octubre | R38: 0.038944314
P39: 2025 | Q39: Noviembre | R39: 0.048813035
P40: 2025 | Q40: Diciembre | R40: 0.05679702
P41: Total 2025 | R41: 0.056116444
P42: 2026 | Q42: Enero | R42: 0.056063711
P43: 2026 | Q43: Febrero | R43: 0.052893416
P44: 2026 | Q44: Marzo | R44: 0.060524644
P45: 2026 | Q45: Abril | R45: 0.055572641
P46: 2026 | Q46: Mayo
P47: 2026 | Q47: Junio
P48: 2026 | Q48: Julio
P49: 2026 | Q49: Agosto
P50: 2026 | Q50: Septiembre
P51: 2026 | Q51: Octubre
P52: 2026 | Q52: Noviembre
P53: 2026 | Q53: Diciembre
P54: Total 2026 | R54: 0.056263603
P55: Total general | R55: 0.061757101

Sheet Info
C2: Suma de Plantilla | D2: Suma de Días laborables | E2: Suma de Jornales | F2: FI | G2: PSG | H2: EG | I2: RT | J2: Suma de Ausencias | K2: Promedio de REAL AUSENT. | L2: Promedio de REAL COMPR. | M2: Suma de PLAN AUSENT. | N2: Promedio de PLAN COMPR. | O2: Promedio de DIF +/-
C3: =GETPIVOTDATA("Suma de Plantilla",Analisis!$B$2) -> 8644 | D3: =GETPIVOTDATA("Suma de Días laborables del mes",Analisis!$B$2) -> 794 | E3: =GETPIVOTDATA("Suma de Jornales",Analisis!$B$2) -> 214185 | F3: =GETPIVOTDATA("Suma de FI",Analisis!$B$2) -> 12163 | G3: =GETPIVOTDATA("Suma de PSG",Analisis!$B$2) -> 1053 | H3: =GETPIVOTDATA("Suma de EG",Analisis!$B$2) -> 2358 | I3: =GETPIVOTDATA("Suma de RT",Analisis!$B$2) -> 1284 | J3: =GETPIVOTDATA("Suma de Ausencias",Analisis!$B$2) -> 16858 | K3: =IFERROR(GETPIVOTDATA("Promedio de REAL AUSENT.",Analisis!$B$2),0) -> 0.056263603 | L3: =IFERROR(GETPIVOTDATA("Promedio de REAL COMPR.",Analisis!$B$2),0) -> 0.9437364 | M3: =IFERROR(GETPIVOTDATA("Suma de PLAN AUSENT.",Analisis!$B$2),0) -> 0 | N3: =IFERROR(GETPIVOTDATA("Promedio de PLAN COMPR.",Analisis!$B$2),0) -> 0.90325 | O3: =IFERROR(GETPIVOTDATA("Promedio de DIF +/-",Analisis!$B$2),0) -> -0.042555147
C5: Enero | D5: Febrero | E5: Marzo | F5: Abril | G5: Mayo | H5: Junio | I5: Julio | J5: Agosto | K5: Septiembre | L5: Octubre | M5: Noviembre | N5: Diciembre
B6: 2023 | C6: =IFERROR(AVERAGEIFS(Analisis!$R:$R,Analisis!$Q:$Q,Info!C$5,Analisis!$P:$P,Info!$B6),0) -> 0.066848186 | D6: =IFERROR(AVERAGEIFS(Analisis!$R:$R,Analisis!$Q:$Q,Info!D$5,Analisis!$P:$P,Info!$B6),0) -> 0.062747301 | E6: =IFERROR(AVERAGEIFS(Analisis!$R:$R,Analisis!$Q:$Q,Info!E$5,Analisis!$P:$P,Info!$B6),0) -> 0.063848824 | F6: =IFERROR(AVERAGEIFS(Analisis!$R:$R,Analisis!$Q:$Q,Info!F$5,Analisis!$P:$P,Info!$B6),0) -> 0.072175805 | G6: =IFERROR(AVERAGEIFS(Analisis!$R:$R,Analisis!$Q:$Q,Info!G$5,Analisis!$P:$P,Info!$B6),0) -> 0.073010612 | H6: =IFERROR(AVERAGEIFS(Analisis!$R:$R,Analisis!$Q:$Q,Info!H$5,Analisis!$P:$P,Info!$B6),0) -> 0.11635832 | I6: =IFERROR(AVERAGEIFS(Analisis!$R:$R,Analisis!$Q:$Q,Info!I$5,Analisis!$P:$P,Info!$B6),0) -> 0.075294049 | J6: =IFERROR(AVERAGEIFS(Analisis!$R:$R,Analisis!$Q:$Q,Info!J$5,Analisis!$P:$P,Info!$B6),0) -> 0.066134467 | ... N6: =IFERROR(AVERAGEIFS(Analisis!$R:$R,Analisis!$Q:$Q,Info!N$5,Analisis!$P:$P,Info!$B6),0) -> 0.054894259
B7: 2024 | C7: =IFERROR(AVERAGEIFS(Analisis!$R:$R,Analisis!$Q:$Q,Info!C$5,Analisis!$P:$P,Info!$B7),0) -> 0.048372214 | D7: =IFERROR(AVERAGEIFS(Analisis!$R:$R,Analisis!$Q:$Q,Info!D$5,Analisis!$P:$P,Info!$B7),0) -> 0.050935901 | E7: =IFERROR(AVERAGEIFS(Analisis!$R:$R,Analisis!$Q:$Q,Info!E$5,Analisis!$P:$P,Info!$B7),0) -> 0.055534346 | F7: =IFERROR(AVERAGEIFS(Analisis!$R:$R,Analisis!$Q:$Q,Info!F$5,Analisis!$P:$P,Info!$B7),0) -> 0.065905943 | G7: =IFERROR(AVERAGEIFS(Analisis!$R:$R,Analisis!$Q:$Q,Info!G$5,Analisis!$P:$P,Info!$B7),0) -> 0.086882738 | H7: =IFERROR(AVERAGEIFS(Analisis!$R:$R,Analisis!$Q:$Q,Info!H$5,Analisis!$P:$P,Info!$B7),0) -> 0.079717764 | I7: =IFERROR(AVERAGEIFS(Analisis!$R:$R,Analisis!$Q:$Q,Info!I$5,Analisis!$P:$P,Info!$B7),0) -> 0.061689782 | J7: =IFERROR(AVERAGEIFS(Analisis!$R:$R,Analisis!$Q:$Q,Info!J$5,Analisis!$P:$P,Info!$B7),0) -> 0.055183528 | ... N7: =IFERROR(AVERAGEIFS(Analisis!$R:$R,Analisis!$Q:$Q,Info!N$5,Analisis!$P:$P,Info!$B7),0) -> 0.051253992
B8: 2025 | C8: =IFERROR(AVERAGEIFS(Analisis!$R:$R,Analisis!$Q:$Q,Info!C$5,Analisis!$P:$P,Info!$B8),0) -> 0.049524622 | D8: =IFERROR(AVERAGEIFS(Analisis!$R:$R,Analisis!$Q:$Q,Info!D$5,Analisis!$P:$P,Info!$B8),0) -> 0.060256053 | E8: =IFERROR(AVERAGEIFS(Analisis!$R:$R,Analisis!$Q:$Q,Info!E$5,Analisis!$P:$P,Info!$B8),0) -> 0.052095489 | F8: =IFERROR(AVERAGEIFS(Analisis!$R:$R,Analisis!$Q:$Q,Info!F$5,Analisis!$P:$P,Info!$B8),0) -> 0.058896704 | G8: =IFERROR(AVERAGEIFS(Analisis!$R:$R,Analisis!$Q:$Q,Info!G$5,Analisis!$P:$P,Info!$B8),0) -> 0.060983995 | H8: =IFERROR(AVERAGEIFS(Analisis!$R:$R,Analisis!$Q:$Q,Info!H$5,Analisis!$P:$P,Info!$B8),0) -> 0.075063892 | I8: =IFERROR(AVERAGEIFS(Analisis!$R:$R,Analisis!$Q:$Q,Info!I$5,Analisis!$P:$P,Info!$B8),0) -> 0.068833513 | J8: =IFERROR(AVERAGEIFS(Analisis!$R:$R,Analisis!$Q:$Q,Info!J$5,Analisis!$P:$P,Info!$B8),0) -> 0.058398281 | ... N8: =IFERROR(AVERAGEIFS(Analisis!$R:$R,Analisis!$Q:$Q,Info!N$5,Analisis!$P:$P,Info!$B8),0) -> 0.05679702
B9: 2026 | C9: =IFERROR(AVERAGEIFS(Analisis!$R:$R,Analisis!$Q:$Q,Info!C$5,Analisis!$P:$P,Info!$B9),0) -> 0.056063711 | D9: =IFERROR(AVERAGEIFS(Analisis!$R:$R,Analisis!$Q:$Q,Info!D$5,Analisis!$P:$P,Info!$B9),0) -> 0.052893416 | E9: =IFERROR(AVERAGEIFS(Analisis!$R:$R,Analisis!$Q:$Q,Info!E$5,Analisis!$P:$P,Info!$B9),0) -> 0.060524644 | F9: =IFERROR(AVERAGEIFS(Analisis!$R:$R,Analisis!$Q:$Q,Info!F$5,Analisis!$P:$P,Info!$B9),0) -> 0.055572641 | G9: =IFERROR(AVERAGEIFS(Analisis!$R:$R,Analisis!$Q:$Q,Info!G$5,Analisis!$P:$P,Info!$B9),0) -> 0 | H9: =IFERROR(AVERAGEIFS(Analisis!$R:$R,Analisis!$Q:$Q,Info!H$5,Analisis!$P:$P,Info!$B9),0) -> 0 | I9: =IFERROR(AVERAGEIFS(Analisis!$R:$R,Analisis!$Q:$Q,Info!I$5,Analisis!$P:$P,Info!$B9),0) -> 0 | J9: =IFERROR(AVERAGEIFS(Analisis!$R:$R,Analisis!$Q:$Q,Info!J$5,Analisis!$P:$P,Info!$B9),0) -> 0 | ... N9: =IFERROR(AVERAGEIFS(Analisis!$R:$R,Analisis!$Q:$Q,Info!N$5,Analisis!$P:$P,Info!$B9),0) -> 0
C11: PLAN COMPR. | D11: REAL COMPR.
B12: Enero | C12: =IFERROR(AVERAGEIFS(Analisis!$U:$U,Analisis!$T:$T,Info!$B12),0) -> 0.911275 | D12: =IFERROR(AVERAGEIFS(Analisis!$V:$V,Analisis!$T:$T,Info!$B12),0) -> 0.94393629
B13: Febrero | C13: =IFERROR(AVERAGEIFS(Analisis!$U:$U,Analisis!$T:$T,Info!$B13),0) -> 0.8928 | D13: =IFERROR(AVERAGEIFS(Analisis!$V:$V,Analisis!$T:$T,Info!$B13),0) -> 0.94710658
B14: Marzo | C14: =IFERROR(AVERAGEIFS(Analisis!$U:$U,Analisis!$T:$T,Info!$B14),0) -> 0.9057 | D14: =IFERROR(AVERAGEIFS(Analisis!$V:$V,Analisis!$T:$T,Info!$B14),0) -> 0.93947536
B15: Abril | C15: =IFERROR(AVERAGEIFS(Analisis!$U:$U,Analisis!$T:$T,Info!$B15),0) -> 0.89495 | D15: =IFERROR(AVERAGEIFS(Analisis!$V:$V,Analisis!$T:$T,Info!$B15),0) -> 0.94442736
B16: Mayo | C16: =IFERROR(AVERAGEIFS(Analisis!$U:$U,Analisis!$T:$T,Info!$B16),0) -> 0.89695 | D16: =IFERROR(AVERAGEIFS(Analisis!$V:$V,Analisis!$T:$T,Info!$B16),0) -> 0
B17: Junio | C17: =IFERROR(AVERAGEIFS(Analisis!$U:$U,Analisis!$T:$T,Info!$B17),0) -> 0.87885 | D17: =IFERROR(AVERAGEIFS(Analisis!$V:$V,Analisis!$T:$T,Info!$B17),0) -> 0
B18: Julio | C18: =IFERROR(AVERAGEIFS(Analisis!$U:$U,Analisis!$T:$T,Info!$B18),0) -> 0.888975 | D18: =IFERROR(AVERAGEIFS(Analisis!$V:$V,Analisis!$T:$T,Info!$B18),0) -> 0
B19: Agosto | C19: =IFERROR(AVERAGEIFS(Analisis!$U:$U,Analisis!$T:$T,Info!$B19),0) -> 0.900525 | D19: =IFERROR(AVERAGEIFS(Analisis!$V:$V,Analisis!$T:$T,Info!$B19),0) -> 0
B20: Septiembre | C20: =IFERROR(AVERAGEIFS(Analisis!$U:$U,Analisis!$T:$T,Info!$B20),0) -> 0.92135 | D20: =IFERROR(AVERAGEIFS(Analisis!$V:$V,Analisis!$T:$T,Info!$B20),0) -> 0
B21: Octubre | C21: =IFERROR(AVERAGEIFS(Analisis!$U:$U,Analisis!$T:$T,Info!$B21),0) -> 0.931275 | D21: =IFERROR(AVERAGEIFS(Analisis!$V:$V,Analisis!$T:$T,Info!$B21),0) -> 0
B22: Noviembre | C22: =IFERROR(AVERAGEIFS(Analisis!$U:$U,Analisis!$T:$T,Info!$B22),0) -> 0.915525 | D22: =IFERROR(AVERAGEIFS(Analisis!$V:$V,Analisis!$T:$T,Info!$B22),0) -> 0
B23: Diciembre | C23: =IFERROR(AVERAGEIFS(Analisis!$U:$U,Analisis!$T:$T,Info!$B23),0) -> 0.900825 | D23: =IFERROR(AVERAGEIFS(Analisis!$V:$V,Analisis!$T:$T,Info!$B23),0) -> 0
C25: FI | D25: PSG | E25: EG | F25: RT
B26: 2023 | C26: =IFERROR(AVERAGEIFS(Analisis!AB:AB,Analisis!$AA:$AA,Info!$B26),0) -> 0 | D26: =IFERROR(AVERAGEIFS(Analisis!AC:AC,Analisis!$AA:$AA,Info!$B26),0) -> 0 | E26: =IFERROR(AVERAGEIFS(Analisis!AD:AD,Analisis!$AA:$AA,Info!$B26),0) -> 0 | F26: =IFERROR(AVERAGEIFS(Analisis!AE:AE,Analisis!$AA:$AA,Info!$B26),0) -> 0
B27: 2024 | C27: =IFERROR(AVERAGEIFS(Analisis!AB:AB,Analisis!$AA:$AA,Info!$B27),0) -> 0 | D27: =IFERROR(AVERAGEIFS(Analisis!AC:AC,Analisis!$AA:$AA,Info!$B27),0) -> 0 | E27: =IFERROR(AVERAGEIFS(Analisis!AD:AD,Analisis!$AA:$AA,Info!$B27),0) -> 0 | F27: =IFERROR(AVERAGEIFS(Analisis!AE:AE,Analisis!$AA:$AA,Info!$B27),0) -> 0
B28: 2025 | C28: =IFERROR(AVERAGEIFS(Analisis!AB:AB,Analisis!$AA:$AA,Info!$B28),0) -> 0 | D28: =IFERROR(AVERAGEIFS(Analisis!AC:AC,Analisis!$AA:$AA,Info!$B28),0) -> 0 | E28: =IFERROR(AVERAGEIFS(Analisis!AD:AD,Analisis!$AA:$AA,Info!$B28),0) -> 0 | F28: =IFERROR(AVERAGEIFS(Analisis!AE:AE,Analisis!$AA:$AA,Info!$B28),0) -> 0
B29: 2026 | C29: =IFERROR(AVERAGEIFS(Analisis!AB:AB,Analisis!$AA:$AA,Info!$B29),0) -> 12163 | D29: =IFERROR(AVERAGEIFS(Analisis!AC:AC,Analisis!$AA:$AA,Info!$B29),0) -> 1053 | E29: =IFERROR(AVERAGEIFS(Analisis!AD:AD,Analisis!$AA:$AA,Info!$B29),0) -> 2358 | F29: =IFERROR(AVERAGEIFS(Analisis!AE:AE,Analisis!$AA:$AA,Info!$B29),0) -> 1284
C31: REAL AUSENT
B32: 2023 | C32: =IFERROR(AVERAGEIFS(Analisis!$Y:$Y,Analisis!$X:$X,Info!$B32),0) -> 0.071835433
B33: 2024 | C33: =IFERROR(AVERAGEIFS(Analisis!$Y:$Y,Analisis!$X:$X,Info!$B33),0) -> 0.059150591
B34: 2025 | C34: =IFERROR(AVERAGEIFS(Analisis!$Y:$Y,Analisis!$X:$X,Info!$B34),0) -> 0.056116444
B35: 2026 | C35: =IFERROR(AVERAGEIFS(Analisis!$Y:$Y,Analisis!$X:$X,Info!$B35),0) -> 0.056263603
C37: FI | D37: PSG | E37: EG | F37: RT
B38: 2023 | C38: =IFERROR(AVERAGEIFS(Analisis!AH:AH,Analisis!$AG:$AG,Info!$B38),0) -> 32144 | D38: =IFERROR(AVERAGEIFS(Analisis!AI:AI,Analisis!$AG:$AG,Info!$B38),0) -> 2611 | E38: =IFERROR(AVERAGEIFS(Analisis!AJ:AJ,Analisis!$AG:$AG,Info!$B38),0) -> 5553 | F38: =IFERROR(AVERAGEIFS(Analisis!AK:AK,Analisis!$AG:$AG,Info!$B38),0) -> 2475
B39: 2024 | C39: =IFERROR(AVERAGEIFS(Analisis!AH:AH,Analisis!$AG:$AG,Info!$B39),0) -> 26402 | D39: =IFERROR(AVERAGEIFS(Analisis!AI:AI,Analisis!$AG:$AG,Info!$B39),0) -> 2605 | E39: =IFERROR(AVERAGEIFS(Analisis!AJ:AJ,Analisis!$AG:$AG,Info!$B39),0) -> 4970 | F39: =IFERROR(AVERAGEIFS(Analisis!AK:AK,Analisis!$AG:$AG,Info!$B39),0) -> 2336
B40: 2025 | C40: =IFERROR(AVERAGEIFS(Analisis!AH:AH,Analisis!$AG:$AG,Info!$B40),0) -> 27408 | D40: =IFERROR(AVERAGEIFS(Analisis!AI:AI,Analisis!$AG:$AG,Info!$B40),0) -> 2244 | E40: =IFERROR(AVERAGEIFS(Analisis!AJ:AJ,Analisis!$AG:$AG,Info!$B40),0) -> 5217 | F40: =IFERROR(AVERAGEIFS(Analisis!AK:AK,Analisis!$AG:$AG,Info!$B40),0) -> 2125
B41: 2026 | C41: =IFERROR(AVERAGEIFS(Analisis!AH:AH,Analisis!$AG:$AG,Info!$B41),0) -> 12163 | D41: =IFERROR(AVERAGEIFS(Analisis!AI:AI,Analisis!$AG:$AG,Info!$B41),0) -> 1053 | E41: =IFERROR(AVERAGEIFS(Analisis!AJ:AJ,Analisis!$AG:$AG,Info!$B41),0) -> 2358 | F41: =IFERROR(AVERAGEIFS(Analisis!AK:AK,Analisis!$AG:$AG,Info!$B41),0) -> 1284

Sheet DashBoard
